{"cameraMode":{"drawMode":0,"name":"Shaded","section":"Shading Mode"},"sceneLighting":false,"audioPlay":false,"sceneViewState":{"showFog":true,"showMaterialUpdate":false,"showSkybox":false,"showFlares":true,"showImageEffects":true,"showParticleSystems":true},"in2DMode":false,"pivot":{"x":-5.553186416625977,"y":0.7083287239074707,"z":0.7400000095367432},"rotation":{"x":0.2314256727695465,"y":-0.7360169291496277,"z":0.3051311671733856,"w":0.558246374130249},"size":3.8652007579803469,"orthographic":false}