{"cameraMode":{"drawMode":0,"name":"Shaded","section":"Shading Mode"},"sceneLighting":true,"audioPlay":false,"sceneViewState":{"showFog":true,"showMaterialUpdate":false,"showSkybox":true,"showFlares":true,"showImageEffects":true,"showParticleSystems":true},"in2DMode":false,"pivot":{"x":-821.3764038085938,"y":29.223045349121095,"z":1146.57666015625},"rotation":{"x":0.04453317075967789,"y":-0.8385657668113709,"z":0.06933850049972534,"w":0.5385569930076599},"size":240.07733154296876,"orthographic":false}