{"cameraMode":{"drawMode":0,"name":"Shaded","section":"Shading Mode"},"sceneLighting":false,"audioPlay":false,"sceneViewState":{"showFog":true,"showMaterialUpdate":false,"showSkybox":false,"showFlares":true,"showImageEffects":true,"showParticleSystems":true},"in2DMode":false,"pivot":{"x":-4.810481071472168,"y":1.038010835647583,"z":-18.31666374206543},"rotation":{"x":0.13784322142601014,"y":0.019308000802993776,"z":-0.0026878679636865856,"w":0.9902644753456116},"size":17.070234298706056,"orthographic":false}